{"cameraMode":{"drawMode":0,"name":"Shaded","section":"Shading Mode"},"sceneLighting":false,"audioPlay":false,"sceneViewState":{"m_AlwaysRefresh":false,"showFog":true,"showSkybox":false,"showFlares":true,"showImageEffects":true,"showParticleSystems":true,"showVisualEffectGraphs":true,"m_FxEnabled":true},"in2DMode":false,"pivot":{"x":-0.5315632224082947,"y":-0.6768965721130371,"z":-0.4048002064228058},"rotation":{"x":0.29836028814315798,"y":-0.4587666988372803,"z":0.16688944399356843,"w":0.8201644420623779},"size":2.4291889667510988,"orthographic":false}