{"cameraMode":{"drawMode":0,"name":"Shaded","section":"Shading Mode"},"sceneLighting":false,"audioPlay":false,"sceneViewState":{"m_AlwaysRefresh":false,"showFog":true,"showSkybox":false,"showFlares":true,"showImageEffects":true,"showParticleSystems":true,"showVisualEffectGraphs":true,"m_FxEnabled":true},"in2DMode":false,"pivot":{"x":0.3782079219818115,"y":0.06880229711532593,"z":1.6987714767456055},"rotation":{"x":0.060325317084789279,"y":-0.4299478530883789,"z":0.028802748769521714,"w":0.9003815054893494},"size":2.9974050521850588,"orthographic":false}