{"cameraMode":{"drawMode":0,"name":"Shaded","section":"Shading Mode"},"sceneLighting":true,"audioPlay":false,"sceneViewState":{"m_AlwaysRefresh":false,"showFog":true,"showSkybox":true,"showFlares":true,"showImageEffects":true,"showParticleSystems":true,"showVisualEffectGraphs":true,"m_FxEnabled":true},"in2DMode":false,"pivot":{"x":-2.771493673324585,"y":2.1163203716278078,"z":4.144927024841309},"rotation":{"x":-0.0037027844227850439,"y":0.9485746622085571,"z":-0.316346675157547,"w":-0.011102369986474514},"size":8.312561988830567,"orthographic":false}