{"cameraMode":{"drawMode":0,"name":"Shaded","section":"Shading Mode"},"sceneLighting":false,"audioPlay":false,"sceneViewState":{"m_AlwaysRefresh":false,"showFog":true,"showSkybox":false,"showFlares":true,"showImageEffects":true,"showParticleSystems":true,"showVisualEffectGraphs":true,"m_FxEnabled":true},"in2DMode":false,"pivot":{"x":-2.0422284603118898,"y":-0.7800055742263794,"z":6.666337013244629},"rotation":{"x":0.21100091934204102,"y":-0.10679209977388382,"z":0.02319723553955555,"w":0.9713659286499023},"size":7.5061774253845219,"orthographic":false}